{
  "users": [
    {
      "id": "kalyan",
      "name": "Kalyan Matta",
      "password": "admin@123",
      "email": "mattakalyan7@gmail.com",
      "phone": "+919133523581",
      "country": "usa",
      "address": "509 Anderson Street Apt A3",
      "gender": "male"
    },
    {
      "id": "admin",
      "name": "Kalyan Matta",
      "password": "admin@123",
      "email": "mattakalyan7@gmail.com",
      "phone": "+919133523581",
      "country": "usa",
      "address": "509 Anderson Street Apt A3",
      "gender": "male"
    },
    {
      "id": "sanjeev",
      "name": "sanjeev",
      "password": "sanjeev123",
      "email": "mattakalyan9@gmail.com",
      "phone": "09133523581",
      "country": "india",
      "address": "S/O M. Yedukondal Rao, D.No.2-34, Nadipalli village, Pedavegi Mandal, W.G. Dist -534475",
      "gender": "male"
    },
    {
      "id": "kumar",
      "name": "Matta Kalyan",
      "password": "kumar@123",
      "email": "mattakalyan9@gmail.com",
      "phone": "09133523581",
      "country": "india",
      "address": "S/O M. Yedukondal Rao, D.No.2-34, Nadipalli village, Pedavegi Mandal, W.G. Dist -534475",
      "gender": "male"
    }
  ]
}